Countries,"International tourism, expenditures for passenger transport items (current US$)","International tourism, expenditures (% of total imports)","International tourism, expenditures (current US$)","International tourism, expenditures for travel items (current US$)","International tourism, number of arrivals","International tourism, number of departures","International tourism, receipts (% of total exports)","International tourism, receipts (current US$)","International tourism, receipts for passenger transport items (current US$)","International tourism, receipts for travel items (current US$)",GDP (current US$),Exports of goods and services (% of GDP)
Afghanistan,23000000,2.8,226000000,203000000,..,..,3.1,50000000,22000000,28000000,18053228579,..
Albania,71000000,25.5,1750000000,1679000000,5927000,5415000,48.2,2306000000,120000000,2186000000,15156432310,31.6
Algeria,44000000,0.9,542000000,498000000,2657000,5610000,0.4,196500000,28000000,168500000,1.74911E+11,25.9
American Samoa,..,..,..,..,20200,..,..,..,..,..,639000000,68.2
Andorra,..,..,..,..,8328000,..,..,..,..,..,3218316013,..
Angola,207000000,2.9,762000000,555000000,218000,..,1.3,557000000,13000000,544000000,1.01353E+11,40.8
Antigua and Barbuda,25000000,9.8,111000000,86000000,1064000,..,82.3,854000000,79000000,775000000,1605944444,64.5
Argentina,2414000000,15.1,13084000000,10670000000,6942000,18411000,7.8,5999000000,436000000,5563000000,5.2482E+11,14.4
Armenia,53000000,20.1,1335000000,1282000000,1652000,1623000,27.5,1358000000,29000000,1329000000,12457941907,39.4
Aruba,13000000,17.4,394000000,381000000,1897000,..,79.6,2035000000,2000000,2033000000,3202188607,73.8
Australia,5486000000,13.7,42439000000,36953000000,9246000,11403000,14.5,47327000000,2229000000,45098000000,1.42853E+12,21.9
Austria,2316000000,5.9,14109000000,11793000000,30816000,11043000,10.1,25413000000,2180000000,23233000000,4.54946E+11,55.4
Azerbaijan,169000000,13.9,2453000000,2284000000,2850000,4908000,11.1,2830000000,196000000,2634000000,47112941177,54.1
"Bahamas, The",187000000,10.1,519000000,332000000,6622000,..,79,3756000000,28000000,3728000000,12837800000,36
Bahrain,863000000,9.3,2522000000,1659000000,12045000,2868000,12.7,3834000000,145000000,3689000000,37801462766,79.3
Bangladesh,452000000,1.8,1207000000,755000000,267000,..,0.8,357000000,4000000,353000000,2.74039E+11,14.8
Barbados,..,..,..,..,1356000,..,..,..,..,1125000000,5086500000,41.3
Belarus,101000000,2.8,1170000000,1069000000,11502000,9326000,2.9,1221000000,338000000,883000000,60031262269,70.5
Belgium,2347000000,4.6,20789000000,18442000000,9119000,13098000,2.3,10319000000,1439000000,8880000000,5.43008E+11,83
Belize,2000000,4.3,50000000,48000000,1697000,..,..,..,..,479000000,1915899787,56.4
Benin,45000000,1.6,76000000,31000000,322000,..,4.5,175000000,13000000,162000000,14262407012,27.3
Bermuda,80000000,15.2,334000000,254000000,766000,..,36.8,583000000,..,583000000,7224329000,51.3
Bhutan,1000000,6.3,79000000,78000000,274000,..,15.4,121000000,18000000,103000000,2446866405,30.8
Bolivia,143000000,8.1,1009000000,866000000,1142000,1060000,9.1,948000000,133000000,815000000,40287647931,26
Bosnia and Herzegovina,105000000,3.3,378000000,273000000,1053000,..,13.3,1147000000,51000000,1096000000,20177409351,42.5
Botswana,300000,3.8,278299987.8,278000000,1830000,..,7.8,584200012.2,2200000,582000000,16914245098,44.5
Brazil,3963000000,8.3,22229000000,18266000000,6621000,10628000,2.3,6324000000,403000000,5921000000,1.91693E+12,14.6
British Virgin Islands,..,..,..,..,192000,..,..,..,..,..,..,..
Brunei Darussalam,..,10.3,585000000,585000000,4521000,..,2.7,190000000,..,190000000,13567351175,51.9
Bulgaria,379000000,5.4,2247000000,1868000000,12368000,6699000,11.6,5061000000,593000000,4468000000,66363422450,65.7
Burkina Faso,72000000,3.7,191000000,119000000,144000,..,4,179000000,58000000,121000000,15890065020,28.1
Burundi,..,..,..,23000000,..,..,..,..,..,3900000.1,2668495743,9.4
Cabo Verde,27000000,8.4,112000000,85000000,710000,..,54,520000000,32000000,488000000,1966503223,49
Cambodia,217000000,4.9,1080000000,863000000,6201000,1995000,26.2,4832000000,470000000,4362000000,24571753584,61.6
Cameroon,227000000,10.9,915000000,688000000,997000,..,8.7,633000000,52000000,581000000,39973839065,18.7
Canada,..,..,..,34585000000,31274000,38069000,..,..,..,26893000000,1.72533E+12,32.3
Cayman Islands,70000000,11.3,284000000,214000000,2384000,..,23,911000000,40000000,871000000,5522625585,71.7
Central African Republic,..,..,..,..,109000,..,..,..,..,..,2220978978,18.9
Chad,..,..,..,..,63000,..,..,..,..,..,11239167049,36.2
Channel Islands,..,..,..,..,..,..,..,..,..,..,..,..
Chile,761000000,3.7,3124000000,2363000000,6603000,4605000,4.6,3911000000,1040000000,2871000000,2.97572E+11,28.5
China,..,..,..,2.77265E+11,158606000,149720000,..,..,..,40386000000,1.38948E+13,19.1
Colombia,747000000,8.6,5531000000,4784000000,4397000,4368000,12.4,6655000000,1034000000,5621000000,3.34198E+11,15.9
Comoros,20000000,13.5,48000000,28000000,35900,..,49.3,73699996.9,700000,73000000,1188797575,12.9
"Congo, Dem. Rep.",..,0.6,115000000,115000000,..,..,0.4,60500000,..,60500000,47146004587,34.1
"Congo, Rep.",..,..,..,..,158000,..,..,..,..,..,13670036996,71
Costa Rica,360000000,5.8,1198000000,838000000,3313000,1079000,19,4073000000,304000000,3769000000,62420165100,33.7
Cote d'Ivoire,209000000,4.7,625000000,416000000,1965000,..,4.2,551000000,108000000,443000000,58011466451,22.6
Croatia,48000000,5.6,1741000000,1693000000,57668000,2980000,36.9,11348000000,221000000,11127000000,62247874949,49.5
Cuba,..,..,..,..,4712000,552000,..,2783000000,80000000,2703000000,1.0005E+11,14.5
Curacao,68000000,16.5,452000000,384000000,1210000,..,31.2,604000000,11000000,593000000,3127908045,..
Cyprus,..,8.4,1569000000,1569000000,4024000,1446000,18,3449000000,..,3449000000,25522671233,75.1
Czech Republic,102000000,3.4,6074000000,5972000000,36268000,7390000,4.3,8283000000,837000000,7446000000,2.4895E+11,77
Denmark,..,5.8,10485000000,10538000000,30801000,7475000,4.5,9097000000,..,9107000000,3.56841E+11,56.6
Djibouti,..,..,..,22299999.2,..,..,1.2,57000000,..,57000000,3012803457,149.2
Dominica,8000000,6.7,28000000,20000000,199000,..,70.9,111000000,..,88000000,550622222.2,29.4
Dominican Republic,457000000,4.2,1006000000,549000000,7551000,514000,37.7,7561000000,..,7548000000,85555378043,23.6
Ecuador,389000000,5.8,1523000000,1134000000,2535000,1402000,9,2279000000,7000000,2272000000,1.07562E+11,22.6
"Egypt, Arab Rep.",230000000,3.8,2897000000,2667000000,11346000,..,24.6,12704000000,1089000000,11615000000,2.49713E+11,18.9
El Salvador,47000000,4,490000000,443000000,2536000,1788000,18.1,1370000000,356000000,1014000000,26020850000,28.9
Equatorial Guinea,..,..,..,..,..,..,..,..,..,..,13097012189,59.6
Eritrea,..,..,..,..,..,..,..,..,..,..,..,..
Estonia,184000000,7.5,1647000000,1463000000,6033000,2069000,10.3,2326000000,547000000,1779000000,30474612057,74.5
Eswatini,2000000,2.1,43000000,41000000,1277000,1717000,0.9,16399999.6,400000,16000000,4665420239,40.4
Ethiopia,700000,3.1,612700012.2,612000000,849000,..,46.5,3548000000,2580000000,968000000,84269348327,8.4
Faroe Islands,..,..,..,..,..,..,..,..,..,..,3051341336,53.4
Fiji,11000000,5.2,160000000,149000000,1058000,174000,51.5,1370000000,401000000,969000000,5581371848,47.9
Finland,1151000000,6.6,7223000000,6072000000,3224000,10480000,5.4,5762000000,2097000000,3665000000,2.7558E+11,38.5
France,9667000000,6.2,59131000000,49464000000,211998000,48069000,7.9,72518000000,7156000000,65362000000,2.78959E+12,31.7
French Polynesia,..,..,..,177000000,264000,47000,..,..,..,642000000,..,..
Gabon,..,..,..,..,..,..,..,..,..,..,16867325127,54.3
"Gambia, The",1400000,1.5,10399999.6,9000000,552000,..,48,174000000,14000000,160000000,1670670669,21.7
Georgia,435000000,8.9,960000000,525000000,7203000,3698000,39.5,3518000000,296000000,3222000000,17599700091,50.6
Germany,8303000000,6.3,1.03502E+11,95199000000,38881000,108542000,3.2,59446000000,16551000000,42895000000,3.97535E+12,47.3
Ghana,879000000,5.7,1329000000,450000000,..,..,4.4,996000000,52000000,944000000,67299280680,33.5
Gibraltar,..,..,..,..,..,..,..,..,..,..,..,..
Greece,1328000000,4.6,3910000000,2582000000,33072000,7961000,26.4,21594000000,2773000000,18821000000,2.11946E+11,39
Greenland,..,..,..,..,..,..,..,..,..,..,3040414278,44.5
Grenada,18000000,6.1,42000000,24000000,529000,..,88.2,548000000,..,522000000,1166523556,..
Guam,..,..,..,..,1549000,..,..,..,..,..,6060000000,19.2
Guatemala,298000000,5.2,1105000000,807000000,2406000,1538000,9.3,1235099976,4099999.9,1231000000,73208583759,18.2
Guinea,402500000,9.8,411700012.2,9199999.8,..,..,0.1,4699999.8,1300000,3400000.1,11857030337,40.2
Guinea-Bissau,100000,16.2,74599998.5,74500000,55000,..,5.3,20000000,200000,19799999.2,1504630121,25.3
Guyana,..,..,..,80000000,287000,..,..,..,..,28000000,4787636237,..
Haiti,496000000,10.6,599000000,103000000,1333000,..,34.9,620000000,..,620000000,16455034353,10.8
Honduras,150000000,4.6,558000000,408000000,2323000,703000,8.4,601000000,9000000,592000000,23900438564,41.5
"Hong Kong SAR, China",..,3.9,26498000000,26436000000,65148000,92214000,6.2,42313000000,7045000000,35268000000,3.61692E+11,188.4
Hungary,600000000,2.5,3239000000,2639000000,57667000,22805000,7.1,9618000000,2731000000,6887000000,1.60587E+11,83.7
Iceland,..,..,..,1691000000,2488000,668000,..,..,..,3134000000,26267063758,46.6
India,4471000000,4,25790000000,21319000000,17423000,26296000,5.4,29143000000,575000000,28568000000,2.70111E+12,19.9
Indonesia,2857000000,6,13171000000,10314000000,15810000,9468000,8.5,17915000000,1489000000,16426000000,1.04227E+12,21
"Iran, Islamic Rep.",576000000,..,9271000000,8695000000,7295000,7243000,..,5252000000,228000000,5024000000,2.94357E+11,33.2
Iraq,..,13.8,7855000000,7855000000,..,..,2.2,1986000000,..,1986000000,2.27367E+11,40.8
Ireland,..,2.1,7541000000,7541000000,10926000,8643000,3.2,15276000000,8494000000,6782000000,3.84854E+11,123
Isle of Man,..,..,..,..,..,..,..,..,..,..,7491969313,..
Israel,2097000000,9.2,9975000000,7878000000,4389000,8473000,7.2,8048000000,823000000,7225000000,3.73641E+11,30
Italy,7640000000,6.2,37644000000,30004000000,93228601.6,61194601.6,7.9,51602000000,2536000000,49066000000,2.09091E+12,31.4
Jamaica,219000000,6.4,505000000,286000000,4319000,..,..,..,..,3099000000,15730793853,38.6
Japan,7899000000,3,28097000000,20198000000,31191000,18954000,4.9,45276000000,3183000000,42093000000,5.03689E+12,18.3
Jordan,106000000,6.5,1493000000,1387000000,4922000,1501000,41.2,6221000000,972000000,5249000000,42932112676,35.2
Kazakhstan,165000000,6.2,2852000000,2687000000,8789000,10646000,3.9,2651000000,396000000,2255000000,1.7934E+11,37.6
Kenya,..,..,..,229000000,2025000,..,15.4,1784000000,712000000,1072000000,92202956321,12.5
Kiribati,..,..,..,13199999.8,9000,..,..,..,..,3400000.1,200157020.6,9.5
"Korea, Dem. People's Rep.",..,..,..,..,..,..,..,..,..,..,..,..
"Korea, Rep.",2889000000,5.9,38022000000,35133000000,15347000,28696000,3.2,23104000000,4537000000,18567000000,1.72485E+12,41.7
Kosovo,..,..,..,..,..,..,..,..,..,..,7878508503,29.1
Kuwait,..,21,14318000000,14318000000,8508000,..,1.1,919000000,461000000,458000000,1.38182E+11,57.5
Kyrgyz Republic,137000000,7.7,451000000,314000000,6947000,6839000,18.9,518000000,59000000,459000000,8271108638,31.6
Lao PDR,13000000,13.3,1005000000,992000000,4186000,3207000,13,833000000,22000000,811000000,18141651381,..
Latvia,..,..,..,778000000,7775000,2175000,..,..,..,1057000000,34412210812,61.5
Lebanon,141000000,19.5,6395000000,6254000000,1964000,..,45.4,8694000000,294000000,8400000000,55276157552,20.6
Lesotho,5000000,14.3,347000000,342000000,1173000,..,..,..,..,24000000,2514146888,49.6
Liberia,..,..,..,7699999.8,..,..,..,..,..,..,3422754800,..
Libya,..,10.8,2042000000,2042000000,..,..,..,..,52000000,..,52607888718,56.9
Liechtenstein,..,..,..,..,85300,..,..,..,..,..,6839145107,..
Lithuania,..,..,..,1400000000,6115000,4702000,..,..,..,1504000000,53724663843,75.2
Luxembourg,59000000,2.5,2872000000,2813000000,1018000,2510000,4,5642000000,466000000,5176000000,71250208996,196.4
"Macao SAR, China",104000000,10.6,1941000000,1837000000,35804000,1780000,90.9,41478000000,602000000,40876000000,55284360483,82.5
Madagascar,126000000,6.4,309000000,183000000,360000,..,19.9,879000000,182000000,697000000,13760033097,31.5
Malawi,49000000,5.8,174000000,125000000,871000,..,4.8,55000000,6000000,49000000,9880675786,..
Malaysia,1080000000,6,13207000000,12127000000,25832000,..,8.9,21775000000,2167000000,19608000000,3.58792E+11,68.6
Maldives,76000000,10.1,414000000,338000000,1484000,..,85.2,3054000000,26000000,3028000000,5300962660,70.1
Mali,76000000,4.2,255000000,179000000,203000,..,5.5,231000000,4000000,227000000,17070866299,24.5
Malta,..,..,..,518000000,3232000,728000,..,..,..,1849000000,14864712990,142.5
Marshall Islands,11500000,18,31399999.6,19899999.6,6800,..,15.6,20100000.4,11500000,8600000.4,221588900,38.9
Mauritania,25000000,1.2,38000000,13000000,..,..,0.3,6000000,2000000,4000000,7354430040,34.3
Mauritius,75000000,8.8,663000000,588000000,1431000,296000,38.7,2161000000,270000000,1891000000,14181951059,41
Mexico,2844000000,2.8,14074000000,11230000000,96497000,86280000,5,23802000000,1276000000,22526000000,1.22241E+12,39.3
"Micronesia, Fed. Sts.",..,..,..,..,19200,..,..,..,..,..,401932300,35.5
Moldova,86000000,6.9,438000000,352000000,160000,264000,14.5,500000000,119000000,381000000,11456728401,30.1
Monaco,..,..,..,..,347000,..,..,..,..,..,7194024563,..
Mongolia,103000000,9.7,822000000,719000000,598000,..,6.8,526000000,65000000,461000000,13178094460,58.2
Montenegro,5000000,2,73000000,68000000,2077000,..,52.2,1224000000,53000000,1171000000,5504166667,42.9
Morocco,1011000000,5.4,2987000000,1976000000,12489000,1923000,22,9520000000,1746000000,7774000000,1.18096E+11,38.8
Mozambique,3000000,1.3,135000000,132000000,2870000,..,5.5,331000000,89000000,242000000,14845870051,44.9
Myanmar,29000000,0.6,118000000,89000000,3551000,..,10.6,1670000000,18000000,1652000000,67144726168,28.4
Namibia,13000000,1.1,69000000,56000000,1639000,..,9.8,488000000,108000000,380000000,13682062249,35.9
Nauru,..,7.5,7100000,7099999.9,..,..,5.1,1600000,..,1600000,124021393.7,26.3
Nepal,82000000,6.3,915000000,833000000,1173000,..,27.6,740000000,96000000,644000000,33111525183,7.8
Netherlands,2556800049,3.4,23359300781,20802500000,18780000,20981000,3.1,23919099609,6146899902,17772199219,9.13597E+11,84.7
New Caledonia,..,..,..,..,120000,139000,..,..,..,..,9846920284,..
New Zealand,..,7.9,4603000000,4603000000,3858000,3038000,18.8,10961000000,..,10961000000,2.12226E+11,27.6
Nicaragua,130000000,5.2,349000000,219000000,1412000,974000,..,..,..,544000000,13025239912,42.3
Niger,46000000,4.2,141000000,95000000,157000,..,7.9,114000000,16000000,98000000,12808660528,11.8
Nigeria,3649000000,18.5,13218000000,9569000000,..,..,3,1977000000,15000000,1962000000,3.9719E+11,15.5
North Macedonia,23000000,3.1,282000000,259000000,707000,..,5.1,387000000,5000000,382000000,12683070062,60.4
Northern Mariana Islands,..,..,..,..,518000,..,..,..,..,..,1302000000,50.8
Norway,1255000000,13,18307000000,17052000000,5688000,8110000,4.4,7280000000,1352000000,5928000000,4.37E+11,38
Oman,668000000,9.1,3210000000,2542000000,3242000,5975000,6.2,2874000000,1116000000,1758000000,91505851756,50.6
Pakistan,1074000000,4.3,2959000000,1885000000,..,..,2.7,845000000,455000000,390000000,3.14568E+11,9
Palau,..,..,..,..,106000,..,..,..,..,..,284700000,..
Panama,211000000,4.8,1395000000,1184000000,2487000,1020000,25,7139000000,2522000000,4617000000,64929409213,42.8
Papua New Guinea,21000000,2.8,134000000,113000000,195000,..,0,4230000,770000,3460000,24109509853,..
Paraguay,213000000,4,549000000,336000000,4183000,1266000,2.7,393000000,30000000,363000000,40225448341,36.9
Peru,749000000,6.5,3353000000,2604000000,5384000,3078000,8.1,4505000000,948000000,3557000000,2.22575E+11,25.2
Philippines,611000000,9.6,12474000000,11863000000,7168000,..,10.7,9715000000,1475000000,8240000000,3.46842E+11,30.2
Poland,886000000,3.4,10367000000,9481000000,85946000,48600000,4.8,15569000000,1707000000,13862000000,5.87412E+11,55.2
Portugal,1031000000,6.2,6427000000,5396000000,16186000,2486000,23,24366000000,4309000000,20057000000,2.42195E+11,43.4
Puerto Rico,301000000,..,893000000,592000000,4260000,..,..,3303000000,..,..,1.00925E+11,60
Qatar,2482000000,17.9,11754000000,9272000000,1819000,..,14.9,15239000000,9674000000,5565000000,1.83335E+11,55.9
Romania,781000000,5.6,6109000000,5328000000,11720000,21039000,3.8,3879000000,491000000,3388000000,2.41457E+11,41.9
Russian Federation,4520000000,11.3,38791000000,34271000000,24551000,41964000,3.7,18735000000,7144000000,11591000000,1.65733E+12,30.8
Rwanda,45000000,11.7,390000000,345000000,1711000,..,26.8,547000000,155000000,392000000,9640280084,21.1
Samoa,2400000.1,1,4099999.9,1700000,172000,64000,63.9,192300003.1,300000,192000000,821286927.5,34.2
San Marino,..,..,..,..,1874000,..,..,..,..,..,1655300873,166.6
Sao Tome and Principe,..,..,..,16700000.8,33400,..,73.2,71900000,..,71900001.5,412253809.7,..
Saudi Arabia,1288000000,8.6,17939000000,16651000000,17570000,27425000,5.4,16974000000,3184000000,13790000000,7.86522E+11,40
Senegal,153000000,3.6,324000000,171000000,..,..,10.5,557000000,61000000,496000000,23116699808,22.9
Serbia,194000000,6.2,1837000000,1643000000,1711000,..,7.8,1941000000,394000000,1547000000,50640650222,50.4
Seychelles,33000000,5.4,101000000,68000000,405000,72000,36.4,611000000,52000000,559000000,1547690759,86.2
Sierra Leone,7000000,3.8,61000000,54000000,66000,112000,5.4,39000000,..,39000000,4085114794,17.5
Singapore,..,4.5,25346000000,26514000000,18508000,10378000,3.1,20416000000,..,20422000000,3.75982E+11,177.1
Sint Maarten (Dutch part),8000000,6.3,77000000,69000000,1775000,..,58.4,468000000,15000000,453000000,1185474860,67.5
Slovak Republic,201000000,2.8,2823000000,2622000000,15299000,4662000,3.3,3318000000,125000000,3193000000,1.05561E+11,96.3
Slovenia,121000000,4.5,1864300049,1743300049,4425000,5409000,7.4,3377500000,196399993.9,3181100098,54137142150,84.8
Solomon Islands,100000,7.1,53000000,52900001.5,27900,..,13.5,92000000,11000000,81000000,1574599183,43.5
Somalia,..,..,..,..,..,..,..,..,..,..,5850677296,19.1
South Africa,2946000000,5.8,6348000000,3402000000,15004000,..,8.8,9789000000,800000000,8989000000,4.04842E+11,27.5
South Sudan,505000000,14.4,513000000,8000000,..,..,0.4,12000000,11000000,1000000,..,..
Spain,..,..,..,26329000000,124456000,22287000,..,..,..,81420000000,1.4203E+12,35.2
Sri Lanka,827000000,9.3,2487000000,1660000000,2521000,1476000,27.7,5608000000,1227000000,4381000000,87963042341,23
St. Kitts and Nevis,15000000,9.6,56000000,41000000,1278000,..,61.4,367000000,..,366000000,1078518519,..
St. Lucia,30000000,8.6,85000000,55000000,1165000,..,88.8,989000000,..,963000000,2065127259,..
St. Martin (French part),..,..,..,..,..,..,..,..,..,..,..,..
St. Vincent and the Grenadines,15000000,8.8,40000000,25000000,356000,..,71.8,231000000,5000000,226000000,811300000,..
Sudan,..,0.2,13000000,13000000,836000,..,20.9,1043000000,..,1043000000,30964349685,0.6
Suriname,10000000,5,104000000,94000000,..,..,3.3,73000000,17000000,56000000,3996247906,..
Sweden,..,..,..,15704000000,7440000,19939000,..,..,..,9973000000,5.55455E+11,45.7
Switzerland,2387000000,5.3,21441000000,19054000000,11715000,24572000,4.4,21294000000,3300000000,17994000000,7.35539E+11,66.2
Syrian Arab Republic,..,..,..,..,1802000,..,..,..,..,..,21490335086,14.9
Tajikistan,14000000,0.8,24200000.8,10199999.8,1035000,31000,15.3,170899993.9,162000000,8899999.6,7765014424,14.4
Tanzania,80000000,7.9,818000000,738000000,1506000,..,29.7,2465000000,16000000,2449000000,57003713611,14.7
Thailand,2323000000,5.1,14406000000,12083000000,38178000,9966000,18.7,61383000000,5017000000,56366000000,5.06611E+11,64.9
Timor-Leste,16000000,12.4,131000000,115000000,74600,..,64,78000000,..,78000000,1583876200,2.9
Togo,23000000,2.8,65000000,42000000,573000,236000,15.8,269000000,116000000,153000000,7112200725,23.9
Tonga,5199999.8,12.8,41200000.8,36000000,77300,..,45.9,48099998.5,100000,48000000,489235527.4,21.4
Trinidad and Tobago,51000000,1.6,149000000,98000000,501000,..,4.7,541000000,112000000,429000000,23679919655,..
Tunisia,90000000,3.9,954000000,864000000,8299000,2515000,11.9,2320000000,579000000,1741000000,42570270107,45.7
Turkey,1473000000,2.4,6068000000,4595000000,46113000,8383000,15.5,36791000000,11571000000,25220000000,7.78472E+11,31.2
Turkmenistan,..,..,..,..,..,..,..,..,..,..,40765428571,22.7
Turks and Caicos Islands,..,..,..,4199999.8,1463000,..,..,..,..,787000000,1113178000,..
Tuvalu,3700000,18.1,10800000.2,7099999.9,3200,..,..,..,..,5800000.2,42588165,..
Uganda,164000000,5.7,497000000,333000000,1506000,..,25,1522000000,16000000,1506000000,32927025573,15.1
Ukraine,388000000,11.7,8287000000,7899000000,14342000,27977000,3.8,2269000000,824000000,1445000000,1.30891E+11,45.2
United Arab Emirates,..,..,18004099609,..,23092000,18967000,..,34609500000,..,..,4.22215E+11,93
United Kingdom,..,..,..,70729000000,40283000,90571000,..,..,..,49940000000,2.90079E+12,30.5
United States,50678000000,5.7,1.76818E+11,1.2614E+11,169324921.9,158445406.3,9.5,2.41984E+11,41262000000,2.00722E+11,2.06119E+13,12.3
Uruguay,219000000,9.1,1252000000,1033000000,3954000,1947000,15.8,2708000000,88000000,2620000000,64515038268,26.4
Uzbekistan,479000000,11.6,2722000000,2243000000,5346000,8594000,9.3,1314000000,170000000,1144000000,52633143808,27
Vanuatu,4000000,4.6,21000000,17000000,350200,28400,75.3,325000000,30000000,295000000,914727908.1,56.6
"Venezuela, RB",..,..,..,..,..,..,..,..,..,..,..,..
Vietnam,..,2.4,5910000000,..,15498000,..,3.9,10080000000,..,..,2.45214E+11,105.8
Virgin Islands (U.S.),..,..,..,..,1922000,..,..,993000000,..,..,3900000000,53.5
West Bank and Gaza,20000000,9.2,826000000,806000000,606000,..,9.4,245000000,..,301000000,16276600000,16
"Yemen, Rep.",..,..,..,..,..,..,..,..,..,..,21606140907,6.1
Zambia,199000000,4.7,478000000,279000000,1072000,..,..,..,..,742000000,26311590297,38
Zimbabwe,21000000,3.5,269000000,248000000,2580000,2288000,3.7,191000000,9000000,182000000,18115543791,28
Africa Eastern and Southern,5339286589,4.8,13948520115,8732867323,41189145.3,..,10.7,28672643620,5995110898,23088813542,1.01285E+12,25.5
Africa Western and Central,6881574375,11.3,21291654470,14469351666,..,..,4.7,7230774394,632588775.5,6596820217,7.41692E+11,22.5
Arab World,..,9.8,94712413500,1.00176E+11,131892640.9,..,9.4,1.19513E+11,..,..,2.73078E+12,47.2
Caribbean small states,653907989.8,5.7,1750798337,1263581432,19669834.9,..,33.3,..,310624573.9,11581000000,75312833438,..
Central Europe and the Baltics,3217088043,3.8,37121209259,34993000000,301502122.5,128530000,6.3,64718122569,7368990308,57856000000,1.64533E+12,64.3
Early-demographic dividend,35482399897,5.2,1.86955E+11,1.41647E+11,350576700.2,309760109.9,8.5,2.44162E+11,37140379380,2.07649E+11,1.12148E+13,26.3
East Asia &amp; Pacific,..,..,..,5.16962E+11,480202482.1,402010474.2,..,..,..,3.89697E+11,2.64163E+13,29.2
East Asia &amp; Pacific (excluding high income),..,..,..,3.50946E+11,281129641,202247515.9,..,..,..,1.58546E+11,1.6575E+13,23.4
East Asia &amp; Pacific (IDA &amp; IBRD countries),..,..,..,3.50193E+11,277743234.6,199745794.7,..,..,..,1.58444E+11,1.65539E+13,23.4
Euro area,42241335987,5.3,3.24974E+11,2.86531E+11,638607601.6,338485601.6,5.4,3.56076E+11,59668159877,3.59141E+11,1.36922E+13,48
Europe &amp; Central Asia,66378760224,5.6,5.45834E+11,5.10909E+11,1157868195,729507921.2,5.7,5.84532E+11,1.05185E+11,5.59293E+11,2.32173E+13,45
Europe &amp; Central Asia (excluding high income),9724420726,7.6,79423074238,69698653511,169084765.5,165722068,7.5,89044934208,23331723783,65713210430,3.42399E+12,34.7
Europe &amp; Central Asia (IDA &amp; IBRD countries),10634091895,6.6,91384400507,80750308611,314784745.5,218948144.6,7.5,1.15984E+11,25209854289,90774176361,4.07365E+12,37.9
European Union,46967957308,5.2,3.75317E+11,3.39754E+11,938485601.6,461906449.3,5.5,4.31696E+11,69462494172,4.25399E+11,1.59715E+13,49.2
Fragile and conflict affected situations,8216906279,11.2,47653655921,39258866648,..,..,8.6,..,4047051585,..,1.57283E+12,25.7
Heavily indebted poor countries (HIPC),5242305594,4.8,11938931651,7685501336,29458451,..,11.2,19734803845,4902991668,14925233626,7.68422E+11,23.7
High income,1.65354E+11,5.6,9.50125E+11,8.52765E+11,1491870217,1016965040,6.6,1.14799E+12,1.80026E+11,1.03633E+12,5.45575E+13,32
IBRD only,..,..,4.34665E+11,5.40187E+11,823988846.5,606878384.5,..,..,..,4.07644E+11,3.04789E+13,25.5
IDA &amp; IBRD total,..,5.8,4.76261E+11,5.67448E+11,939010263,799318916.1,..,..,..,4.42557E+11,3.26238E+13,25.1
IDA blend,6530976050,10.8,24345076315,16096771543,..,..,7,10652993523,1858271609,8725019225,9.66188E+11,15.9
IDA only,6148427536,4.3,16440068108,11076618033,58328493.7,..,11.9,32347248555,5543501252,26222928201,1.17994E+12,22.4
IDA total,12909646555,6.6,40201044516,27348466315,93089667.6,..,10,42040713818,7137330146,34727976286,2.14613E+12,19.5
Late-demographic dividend,..,..,..,4.82953E+11,532235103.2,393163875.6,..,..,..,2.71997E+11,2.2532E+13,29
Latin America &amp; Caribbean,17177861169,5.8,80791735174,63553929575,201522429.4,147336636.6,7.5,1.01815E+11,9954534482,98983095473,5.70388E+12,24.1
Latin America &amp; Caribbean (excluding high income),14118523821,5.9,69923884309,55793342213,164604173.9,138523410.9,6.9,79006050570,7741170340,74737000000,4.9056E+12,23
Latin America &amp; the Caribbean (IDA &amp; IBRD countries),16316092614,5.7,77084923603,60774345989,173715171.2,145817951.5,6.9,85166901576,9063678628,79621943506,5.46207E+12,23.5
Least developed countries: UN classification,4366138219,3.9,12833855271,9085731647,38555567.9,..,10,24732461287,4774547289,20061318285,1.06322E+12,22.4
Low &amp; middle income,..,..,4.61791E+11,5.53653E+11,782000891.1,725777306.2,..,..,..,4.12372E+11,3.14124E+13,24.4
Low income,..,3.8,..,3248910714,17021655.4,..,12.9,11679698813,..,7505403567,4.25615E+11,19.9
Lower middle income,23786447439,5.4,1.21832E+11,1.06377E+11,192813989.6,..,7.4,1.33339E+11,14744006058,1.29741E+11,7.34692E+12,25.3
Middle East &amp; North Africa,..,9.8,1.14516E+11,1.19215E+11,139804138,..,9.1,1.31897E+11,..,1.11815E+11,3.36828E+12,45
Middle East &amp; North Africa (excluding high income),2833587012,7.3,35968285073,33641007756,58807590.8,..,14.4,49964342954,6642173313,44795312435,1.32022E+12,31.5
Middle East &amp; North Africa (IDA &amp; IBRD countries),2821290738,7.2,35139572487,32832257986,58212100.4,..,14.4,49728453994,6588532578,44497812624,1.30394E+12,31.7
Middle income,..,..,4.57525E+11,5.4945E+11,758857901.9,676540976.2,..,..,..,4.05617E+11,3.09856E+13,24.5
North America,60183742203,5.7,2.10049E+11,1.60979E+11,201364921.9,196550372.9,9.5,3.08764E+11,52523281328,2.28198E+11,2.23444E+13,13.8
Not classified,..,..,..,..,..,..,..,..,..,..,..,..
OECD members,1.41434E+11,5.4,8.15784E+11,7.26604E+11,1331200523,922286548.2,6.5,9.84306E+11,1.55888E+11,8.8968E+11,5.34691E+13,28.6
Other small states,..,11.4,..,20522716766,51524462.8,..,15.8,..,..,..,4.4155E+11,61.3
Pacific island small states,66201900.8,6.1,392453079.8,332327084.6,1928869.8,..,47.2,2248465668,479184412.6,1754921076,10656209173,42.8
Post-demographic dividend,1.52532E+11,5.6,8.79273E+11,7.41583E+11,1257774890,905881478.5,6.7,1.01162E+12,1.51082E+11,9.12001E+11,5.04857E+13,29.6
Pre-demographic dividend,8002735565,9.4,32880665576,24232843033,..,..,5.1,17270492334,1872442732,15946728667,1.34463E+12,25.2
Small states,5831620615,10.5,26566855897,21746302686,78864839.6,..,18,51565534602,13955918415,44609936795,5.27519E+11,59.7
South Asia,7006000000,4.1,34077000000,27071000000,26712613.6,36499131.2,6.2,39918000000,2423000000,37495000000,3.43659E+12,18.5
South Asia (IDA &amp; IBRD),..,4.1,..,27074000000,25882111.5,35959133.5,6.2,..,..,37491000000,3.43659E+12,18.5
Sub-Saharan Africa,12780774330,7.2,34491411433,22081348896,56673405.1,..,8.5,35520914707,6159042839,29560480314,1.75454E+12,24.2
Sub-Saharan Africa (excluding high income),12748181033,7.2,34389991449,22013232130,56247033.4,..,8.4,34873646198,6102575429,28982406495,1.753E+12,24.2
Sub-Saharan Africa (IDA &amp; IBRD countries),12780774330,7.2,34491411433,22081348896,56673405.1,..,8.5,35520914707,6159042839,29560480314,1.75454E+12,24.2
Upper middle income,..,..,..,4.38352E+11,556608632.2,435778612.8,..,..,..,2.82209E+11,2.36387E+13,24.3
World,2.47819E+11,5.7,1.41274E+12,1.40689E+12,2339399882,1991161437,7.1,1.82996E+12,2.78749E+11,1.44927E+12,8.62676E+13,29.2
